"fofem_cd","bark_thickness_per_inch"
"ABAM","0.047"
"ABBA","0.031"
"ABBAB","0.031"
"ABBAP","0.031"
"ABISPP","0.052"
"ABLAL","0.031"
"ABNO","0.045"
"ABPR","0.045"
"ACBA3","0.029"
"ACBAL","0.029"
"ACBAV","0.029"
"ACESPP","0.029"
"ACLE","0.029"
"ACMA3","0.024"
"ACNE12","0.034"
"ACNE2","0.034"
"ACNEA","0.034"
"ACNEC","0.034"
"ACNEC2","0.034"
"ACNEI","0.034"
"ACNEL","0.034"
"ACNEN","0.034"
"ACNET","0.034"
"ACNEV","0.034"
"ACNEV2","0.034"
"ACNI5","0.035"
"ACNIP","0.035"
"ACPE","0.045"
"ACRU","0.028"
"ACRUD","0.028"
"ACRUD2","0.028"
"ACRUR","0.028"
"ACRUT","0.028"
"ACRUT2","0.028"
"ACRUT3","0.028"
"ACSA2","0.031"
"ACSA3","0.033"
"ACSAG","0.033"
"ACSAL3","0.031"
"ACSAO","0.033"
"ACSAR","0.033"
"ACSAS","0.033"
"ACSAS2","0.033"
"ACSAS4","0.033"
"ACSAW","0.031"
"ACSP2","0.040"
"AEFL","0.050"
"AEGL","0.036"
"AEGLA","0.036"
"AEGLB","0.036"
"AEGLG","0.036"
"AEGLL","0.036"
"AEGLM","0.036"
"AEGLM2","0.036"
"AEGLP","0.036"
"AEGLS","0.036"
"AEOC2","0.050"
"AIAL","0.050"
"ALOR","0.019"
"ALRH2","0.019"
"ALRHB","0.019"
"ALRU2","0.019"
"AMAR3","0.050"
"AMARA3","0.050"
"AMARA4","0.050"
"AMARA5","0.050"
"ARME","0.060"
"BEAL2","0.031"
"BEALA","0.031"
"BEALF","0.031"
"BEALM","0.031"
"BELE","0.030"
"BENI","0.029"
"BEOC2","0.019"
"BEOCI","0.019"
"BEPA","0.019"
"BEPAC","0.019"
"BEPAC2","0.019"
"BEPAE","0.019"
"BEPAK","0.019"
"BEPAM2","0.019"
"BEPAP","0.019"
"BEPAP2","0.019"
"BETSPP","0.019"
"CAAL27","0.043"
"CAAM29","0.040"
"CAAQ2","0.040"
"CAAQA3","0.040"
"CACA18","0.030"
"CACA38","0.040"
"CACAC2","0.030"
"CACAV","0.030"
"CACAV2","0.030"
"CACH6","0.045"
"CACHM","0.045"
"CACO15","0.037"
"CACOL3","0.037"
"CADE12","0.040"
"CAGL8","0.037"
"CAGLG2","0.037"
"CAGLH","0.037"
"CAGLM","0.037"
"CAIL2","0.036"
"CALA21","0.043"
"CANO9","0.022"
"CAOV2","0.040"
"CAOVA","0.040"
"CAOVC","0.040"
"CAOVF","0.040"
"CAOVN","0.040"
"CAOVP","0.040"
"CARSPP","0.044"
"CATE9","0.040"
"CATEA","0.040"
"CATEV","0.040"
"CATO6","0.043"
"CATOS","0.043"
"CATSPP","0.037"
"CECA4","0.035"
"CECAC","0.035"
"CECAM","0.035"
"CECAM2","0.035"
"CECAT","0.035"
"CECAT2","0.035"
"CELA","0.036"
"CELAA","0.036"
"CELAB","0.036"
"CELAB2","0.036"
"CELAL","0.036"
"CELAR","0.036"
"CELAT8","0.036"
"CEOC","0.035"
"CEOCC","0.035"
"CEOCC3","0.035"
"CEOCC4","0.035"
"CEOCO2","0.035"
"CEOCP","0.035"
"CHCHC4","0.045"
"CHCHM","0.045"
"CHLA","0.081"
"CHNO","0.022"
"CHTH2","0.025"
"CHTHH","0.025"
"COFL2","0.041"
"CONU4","0.062"
"CORSPP","0.031"
"CRASPP","0.062"
"CRDO2","0.038"
"CRDOD","0.038"
"CUNO","0.022"
"CUTH","0.025"
"CUTHH","0.025"
"DIVI5","0.041"
"DIVIM2","0.041"
"DIVIP2","0.041"
"DIVIP3","0.041"
"DIVIV4","0.041"
"FAGR","0.025"
"FAGRC","0.025"
"FAGRH","0.025"
"FRAM2","0.042"
"FRAMB","0.042"
"FRAMC","0.042"
"FRAMC2","0.042"
"FRAMJ","0.042"
"FRAMM","0.042"
"FRASPP","0.042"
"FRNI","0.035"
"FRPE","0.039"
"FRPEA","0.039"
"FRPEI","0.039"
"FRPEL","0.039"
"FRPES","0.039"
"FRPR","0.037"
"FRQU","0.030"
"GLTR","0.038"
"GLTRI","0.038"
"GOLA","0.038"
"GYDI","0.031"
"HALSPP","0.038"
"ILOP","0.042"
"ILOPA","0.042"
"ILOPO","0.042"
"JUCI","0.041"
"JUNI","0.041"
"JUNSPP","0.040"
"JUOC","0.045"
"JUOCO","0.045"
"JUVI","0.040"
"JUVIC","0.040"
"JUVIC2","0.040"
"JUVIS","0.040"
"JUVIS3","0.040"
"JUVIV","0.040"
"LALA","0.031"
"LALAA5","0.031"
"LALAA9","0.031"
"LALY","0.050"
"LIDE3","0.052"
"LIDED2","0.052"
"LIDEE","0.052"
"LIST2","0.060"
"LITU","0.050"
"MAAC","0.036"
"MAACC2","0.036"
"MAACO","0.036"
"MAACS","0.036"
"MAGR4","0.033"
"MAGSPP","0.039"
"MALPRU","0.038"
"MALSPP","0.043"
"MAMA2","0.033"
"MAPO","0.037"
"MAVI2","0.040"
"MAVIA2","0.040"
"MAVIP","0.040"
"MAVIT2","0.040"
"MOAL","0.038"
"MOALM","0.038"
"MOALT","0.038"
"MORSPP","0.033"
"MORU2","0.038"
"MORUR","0.038"
"MORUT","0.038"
"NYAQ2","0.057"
"NYBI","0.057"
"NYOG","0.057"
"NYSSPP","0.044"
"NYSY","0.057"
"NYSYC","0.057"
"NYSYD","0.057"
"NYSYT","0.057"
"OSVI","0.037"
"OSVIC","0.037"
"OSVIL","0.037"
"OSVIV","0.037"
"OXAR","0.036"
"PATO2","0.050"
"PEBO","0.038"
"PIAT","0.030"
"PIBA2","0.040"
"PICL","0.035"
"PICLI","0.035"
"PICLI2","0.035"
"PIEC2","0.037"
"PIEL","0.055"
"PIELA","0.055"
"PIELA2","0.055"
"PIELD","0.055"
"PIELE2","0.055"
"PIFL2","0.030"
"PIFLA","0.030"
"PIFLA2","0.030"
"PIFLC","0.030"
"PIFLC2","0.030"
"PIGL2","0.035"
"PIMO3","0.035"
"PINSPP","0.030"
"PIPU5","0.040"
"PIRE","0.043"
"PIRI","0.045"
"PISA2","0.033"
"PISE","0.062"
"PIST","0.045"
"PISY","0.030"
"PITA","0.052"
"PIVI2","0.033"
"PLOC","0.033"
"PLOCG","0.033"
"POBA2","0.040"
"POBAB2","0.040"
"POBAC2","0.040"
"POBAC3","0.044"
"POBAF","0.040"
"POBAL","0.040"
"POBAM","0.040"
"POBAS2","0.040"
"POBAT","0.044"
"PODE3","0.040"
"PODEA","0.040"
"PODED","0.040"
"PODEM","0.040"
"PODEM2","0.040"
"PODEO","0.040"
"PODEP","0.040"
"PODEV","0.040"
"PODEW","0.040"
"PODEW3","0.040"
"POGR4","0.039"
"POGRA2","0.039"
"POGRM4","0.039"
"POGRS","0.039"
"POHE4","0.050"
"POPSPP","0.038"
"POTR15","0.044"
"POTRC","0.044"
"POTRH","0.044"
"POTRH2","0.044"
"POTRI","0.044"
"PRAM","0.040"
"PREM","0.062"
"PREMC","0.062"
"PREME","0.062"
"PREMM","0.062"
"PRPE2","0.045"
"PRPEC","0.045"
"PRPEP","0.045"
"PRPES","0.045"
"PRSE2","0.030"
"PRSEE","0.030"
"PRSEE2","0.030"
"PRSER2","0.030"
"PRSES","0.030"
"PRSEV","0.030"
"PRUSPP","0.050"
"PRVI","0.040"
"PRVID","0.040"
"PRVID2","0.040"
"PRVIM","0.040"
"PRVIM2","0.040"
"PRVIV","0.040"
"QUAG","0.050"
"QUAGA","0.050"
"QUAGO","0.050"
"QUAL","0.040"
"QUALS","0.040"
"QUALS2","0.040"
"QUBI","0.045"
"QUCH2","0.024"
"QUCHC","0.024"
"QUCHN","0.024"
"QUCO2","0.040"
"QUCOC","0.040"
"QUCOT","0.040"
"QUDU","0.033"
"QUEL","0.038"
"QUEN","0.059"
"QUESPP","0.045"
"QUFA","0.044"
"QUFAT","0.044"
"QUGA4","0.029"
"QUGAG2","0.029"
"QUGAS","0.029"
"QUIM","0.041"
"QUIN","0.038"
"QUKE","0.030"
"QULA2","0.037"
"QULA3","0.036"
"QULO","0.043"
"QULOA","0.043"
"QULOI","0.043"
"QULOT","0.043"
"QULOW","0.043"
"QULY","0.039"
"QUMA2","0.042"
"QUMA3","0.037"
"QUMAA","0.037"
"QUMAA2","0.037"
"QUMAD","0.042"
"QUMAM","0.042"
"QUMAM2","0.037"
"QUMAO","0.042"
"QUMI","0.046"
"QUMO4","0.049"
"QUMU","0.042"
"QUNI","0.036"
"QUNIH","0.036"
"QUNU","0.030"
"QUNUC","0.030"
"QUPA2","0.041"
"QUPH","0.041"
"QUPR2","0.049"
"QUPR4","0.046"
"QURU","0.042"
"QURUA","0.042"
"QURUB","0.042"
"QURUR","0.042"
"QUSH","0.037"
"QUSHS","0.037"
"QUSHS2","0.037"
"QUSHS3","0.037"
"QUST","0.044"
"QUSTA2","0.044"
"QUSTP2","0.044"
"QUTE","0.030"
"QUVE","0.045"
"QUVEM","0.045"
"QUVI","0.043"
"QUWI2","0.034"
"QUWIF","0.034"
"QUWIW","0.034"
"ROPS","0.049"
"SAAL5","0.035"
"SABE2","0.040"
"SABED","0.040"
"SABEL","0.040"
"SABEP","0.040"
"SABEP2","0.040"
"SALSPP","0.041"
"SANI","0.040"
"SANIA2","0.040"
"SANIB","0.040"
"SANIB2","0.040"
"SANIF2","0.040"
"SANIL2","0.040"
"SANIL3","0.040"
"SANIM2","0.040"
"SEGI2","0.081"
"SEGI3","0.081"
"SESE3","0.081"
"SOAM3","0.040"
"TAAS","0.042"
"TABR2","0.025"
"TADI2","0.025"
"TADII","0.042"
"TADIN","0.042"
"THOC2","0.025"
"THOCF","0.025"
"THOCM3","0.025"
"THOCN","0.025"
"THOCP3","0.025"
"THPL","0.035"
"THUSPP","0.033"
"TIAM","0.038"
"TIAMA","0.038"
"TIAMC","0.038"
"TIAMH","0.050"
"TIAMN","0.038"
"TIHE","0.050"
"TSCA","0.039"
"TSHE","0.040"
"TSME","0.040"
"ULAL","0.031"
"ULAM","0.031"
"ULAMF2","0.031"
"ULMSPP","0.039"
"ULPU","0.038"
"ULRA","0.033"
"ULRU","0.032"
"ULTH","0.033"
"UMCA","0.026"
"UMCAC","0.026"
"UMCAF","0.026"
