fofem_cd,bark_equation,bark_thickness_per_inch
ABAM,26,0.047
ABBA,10,0.031
ABBAB,10,0.031
ABBAP,10,0.031
ABCO,27,0.048
ABCOC,27,0.048
ABGR,25,0.046
ABGRG,25,0.046
ABGRI,25,0.046
ABGRI2,25,0.046
ABGRJ,25,0.046
ABISPP,30,0.052
ABLA,20,0.041
ABLAA,20,0.041
ABLAL,10,0.031
ABLO,27,0.048
ABMA,18,0.039
ABMAC,36,0.063
ABMAM,36,0.063
ABMAS,36,0.063
ABMAS2,36,0.063
ABNO,24,0.045
ABPR,24,0.045
ACBA3,8,0.029
ACBAL,8,0.029
ACBAV,8,0.029
ACESPP,8,0.029
ACLE,8,0.029
ACMA3,3,0.024
ACNE12,13,0.034
ACNE2,13,0.034
ACNEA,13,0.034
ACNEC,13,0.034
ACNEC2,13,0.034
ACNEI,13,0.034
ACNEL,13,0.034
ACNEN,13,0.034
ACNET,13,0.034
ACNEV,13,0.034
ACNEV2,13,0.034
ACNI5,14,0.035
ACNIP,14,0.035
ACPE,24,0.045
ACRU,7,0.028
ACRUD,7,0.028
ACRUD2,7,0.028
ACRUR,7,0.028
ACRUT,7,0.028
ACRUT2,7,0.028
ACRUT3,7,0.028
ACSA2,10,0.031
ACSA3,12,0.033
ACSAG,12,0.033
ACSAL3,10,0.031
ACSAO,12,0.033
ACSAR,12,0.033
ACSAS,12,0.033
ACSAS2,12,0.033
ACSAS4,12,0.033
ACSAW,10,0.031
ACSP2,19,0.04
AEFL,29,0.05
AEGL,15,0.036
AEGLA,15,0.036
AEGLB,15,0.036
AEGLG,15,0.036
AEGLL,15,0.036
AEGLM,15,0.036
AEGLM2,15,0.036
AEGLP,15,0.036
AEGLS,15,0.036
AEOC2,29,0.05
AIAL,29,0.05
ALOR,1,0.019
ALRH2,1,0.019
ALRHB,1,0.019
ALRU2,1,0.019
AMAR3,29,0.05
AMARA3,29,0.05
AMARA4,29,0.05
AMARA5,29,0.05
ARME,34,0.06
BEAL2,10,0.031
BEALA,10,0.031
BEALF,10,0.031
BEALM,10,0.031
BELE,9,0.03
BENI,8,0.029
BEOC2,1,0.019
BEOCI,1,0.019
BEPA,1,0.019
BEPAC,1,0.019
BEPAC2,1,0.019
BEPAE,1,0.019
BEPAK,1,0.019
BEPAM2,1,0.019
BEPAP,1,0.019
BEPAP2,1,0.019
BETSPP,1,0.019
CAAL27,22,0.043
CAAM29,19,0.04
CAAQ2,19,0.04
CAAQA3,19,0.04
CACA18,9,0.03
CACA38,19,0.04
CACAC2,9,0.03
CACAV,9,0.03
CACAV2,9,0.03
CACH6,24,0.045
CACHM,24,0.045
CACO15,16,0.037
CACOL3,16,0.037
CADE12,19,0.04
CADE27,34,0.06
CAGL8,16,0.037
CAGLG2,16,0.037
CAGLH,16,0.037
CAGLM,16,0.037
CAIL2,15,0.036
CALA21,22,0.043
CANO9,2,0.022
CAOV2,19,0.04
CAOVA,19,0.04
CAOVC,19,0.04
CAOVF,19,0.04
CAOVN,19,0.04
CAOVP,19,0.04
CARSPP,23,0.044
CATE9,19,0.04
CATEA,19,0.04
CATEV,19,0.04
CATO6,22,0.043
CATOS,22,0.043
CATSPP,16,0.037
CECA4,14,0.035
CECAC,14,0.035
CECAM,14,0.035
CECAM2,14,0.035
CECAT,14,0.035
CECAT2,14,0.035
CELA,15,0.036
CELAA,15,0.036
CELAB,15,0.036
CELAB2,15,0.036
CELAL,15,0.036
CELAR,15,0.036
CELAT8,15,0.036
CEOC,14,0.035
CEOCC,14,0.035
CEOCC3,14,0.035
CEOCC4,14,0.035
CEOCO2,14,0.035
CEOCP,14,0.035
CHCHC4,24,0.045
CHCHM,24,0.045
CHLA,39,0.081
CHNO,2,0.022
CHTH2,4,0.025
CHTHH,4,0.025
COFL2,20,0.041
CONU4,35,0.062
CORSPP,10,0.031
CRASPP,35,0.062
CRDO2,17,0.038
CRDOD,17,0.038
CUNO,2,0.022
CUTH,4,0.025
CUTHH,4,0.025
DIVI5,20,0.041
DIVIM2,20,0.041
DIVIP2,20,0.041
DIVIP3,20,0.041
DIVIV4,20,0.041
FAGR,4,0.025
FAGRC,4,0.025
FAGRH,4,0.025
FRAM2,21,0.042
FRAMB,21,0.042
FRAMC,21,0.042
FRAMC2,21,0.042
FRAMJ,21,0.042
FRAMM,21,0.042
FRASPP,21,0.042
FRNI,14,0.035
FRPE,18,0.039
FRPEA,18,0.039
FRPEI,18,0.039
FRPEL,18,0.039
FRPES,18,0.039
FRPR,16,0.037
FRQU,9,0.03
GLTR,17,0.038
GLTRI,17,0.038
GOLA,17,0.038
GYDI,10,0.031
HALSPP,17,0.038
ILOP,21,0.042
ILOPA,21,0.042
ILOPO,21,0.042
JUCI,20,0.041
JUNI,20,0.041
JUNSPP,19,0.04
JUOC,24,0.045
JUOCO,24,0.045
JUVI,19,0.04
JUVIC,19,0.04
JUVIC2,19,0.04
JUVIS,19,0.04
JUVIS3,19,0.04
JUVIV,19,0.04
LALA,10,0.031
LALAA5,10,0.031
LALAA9,10,0.031
LALY,29,0.05
LAOC,36,0.063
LIDE,34,0.06
LIDE3,30,0.052
LIDED2,30,0.052
LIDEE,30,0.052
LIST2,34,0.06
LITU,29,0.05
MAAC,15,0.036
MAACC2,15,0.036
MAACO,15,0.036
MAACS,15,0.036
MAGR4,12,0.033
MAGSPP,18,0.039
MALPRU,17,0.038
MALSPP,22,0.043
MAMA2,12,0.033
MAPO,16,0.037
MAVI2,19,0.04
MAVIA2,19,0.04
MAVIP,19,0.04
MAVIT2,19,0.04
MOAL,17,0.038
MOALM,17,0.038
MOALT,17,0.038
MORSPP,12,0.033
MORU2,17,0.038
MORUR,17,0.038
MORUT,17,0.038
NYAQ2,32,0.057
NYBI,32,0.057
NYOG,32,0.057
NYSSPP,23,0.044
NYSY,32,0.057
NYSYB,32,0.057
NYSYC,32,0.057
NYSYD,32,0.057
NYSYT,32,0.057
NYSYU,32,0.057
NYUR2,32,0.057
OSVI,16,0.037
OSVIC,16,0.037
OSVIL,16,0.037
OSVIV,16,0.037
OXAR,15,0.036
PATO2,29,0.05
PEBO,17,0.038
PIAB,8,0.029
PIAL,9,0.03
PIAT,9,0.03
PIBA2,19,0.04
PICL,14,0.035
PICLI,14,0.035
PICLI2,14,0.035
PICO,7,0.028
PICOB,7,0.028
PICOB2,7,0.028
PICOC,7,0.028
PICOC2,7,0.028
PICOL,7,0.028
PICOL2,7,0.028
PICOM,7,0.028
PICOM4,7,0.028
PICSPP,13,0.034
PIEC2,16,0.037
PIEL,31,0.055
PIELA,31,0.055
PIELA2,31,0.055
PIELD,31,0.055
PIELE2,31,0.055
PIEN,15,0.036
PIENE,15,0.036
PIENM,15,0.036
PIENM2,15,0.036
PIFL2,9,0.03
PIFLA,9,0.03
PIFLA2,9,0.03
PIFLC,9,0.03
PIFLC2,9,0.03
PIGL,4,0.025
PIGL2,14,0.035
PIJE,37,0.068
PIJEK,37,0.068
PILA,38,0.072
PIMA,11,0.032
PIMAM4,11,0.032
PIMO3,14,0.035
PINSPP,9,0.03
PIPA2,100,0
PIPO,36,0.063
PIPO_BH,36,0.063
PIPOB,36,0.063
PIPOB2,36,0.063
PIPOB3,36,0.063
PIPOB3K,36,0.063
PIPOBK,36,0.063
PIPOK,36,0.063
PIPOP,36,0.063
PIPOP2,36,0.063
PIPOP2K,36,0.063
PIPOPK,36,0.063
PIPOS,36,0.063
PIPOS2,36,0.063
PIPOS2K,36,0.063
PIPOSK,36,0.063
PIPOW,36,0.063
PIPOW2,36,0.063
PIPOW2K,36,0.063
PIPOWK,36,0.063
PIPU,10,0.031
PIPU5,19,0.04
PIPUA,10,0.031
PIPUG3,10,0.031
PIRE,22,0.043
PIRI,24,0.045
PIRU,13,0.034
PISA2,12,0.033
PISE,35,0.062
PISI,6,0.027
PIST,24,0.045
PISY,9,0.03
PITA,30,0.052
PIVI2,12,0.033
PLOC,12,0.033
PLOCG,12,0.033
POBA2,19,0.04
POBAB2,19,0.04
POBAC2,19,0.04
POBAC3,23,0.044
POBAF,19,0.04
POBAL,19,0.04
POBAM,19,0.04
POBAS2,19,0.04
POBAT,23,0.044
PODE3,19,0.04
PODEA,19,0.04
PODED,19,0.04
PODEM,19,0.04
PODEM2,19,0.04
PODEO,19,0.04
PODEP,19,0.04
PODEV,19,0.04
PODEW,19,0.04
PODEW3,19,0.04
POGR4,18,0.039
POGRA2,18,0.039
POGRM4,18,0.039
POGRS,18,0.039
POHE4,29,0.05
POPSPP,17,0.038
POTR12,23,0.044
POTR15,23,0.044
POTR5,23,0.044
POTRA,23,0.044
POTRC,23,0.044
POTRC2,23,0.044
POTRH,23,0.044
POTRH2,23,0.044
POTRI,23,0.044
POTRM,23,0.044
POTRR,23,0.044
POTRV,23,0.044
PRAM,19,0.04
PREM,35,0.062
PREMC,35,0.062
PREME,35,0.062
PREMM,35,0.062
PRPE2,24,0.045
PRPEC,24,0.045
PRPEP,24,0.045
PRPES,24,0.045
PRSE2,9,0.03
PRSEE,9,0.03
PRSEE2,9,0.03
PRSER2,9,0.03
PRSES,9,0.03
PRSEV,9,0.03
PRUSPP,29,0.05
PRVI,19,0.04
PRVID,19,0.04
PRVID2,19,0.04
PRVIM,19,0.04
PRVIM2,19,0.04
PRVIV,19,0.04
PSME,36,0.063
PSMEF,36,0.063
PSMEG,36,0.063
PSMEM,36,0.063
QUAG,29,0.05
QUAGA,29,0.05
QUAGO,29,0.05
QUAL,19,0.04
QUAL3,19,0.04
QUALS,19,0.04
QUALS2,19,0.04
QUBI,24,0.045
QUCH2,3,0.024
QUCHC,3,0.024
QUCHN,3,0.024
QUCO2,19,0.04
QUCOC,19,0.04
QUCOT,19,0.04
QUDU,12,0.033
QUEL,17,0.038
QUEN,33,0.059
QUESPP,24,0.045
QUFA,23,0.044
QUFAT,23,0.044
QUGA4,8,0.029
QUGAG2,8,0.029
QUGAS,8,0.029
QUIM,20,0.041
QUIN,17,0.038
QUKE,9,0.03
QULA2,16,0.037
QULA3,15,0.036
QULO,22,0.043
QULOA,22,0.043
QULOI,22,0.043
QULOT,22,0.043
QULOW,22,0.043
QULY,18,0.039
QUMA2,21,0.042
QUMA3,16,0.037
QUMAA,16,0.037
QUMAA2,16,0.037
QUMAD,21,0.042
QUMAM,21,0.042
QUMAM2,16,0.037
QUMAO,21,0.042
QUMI,25,0.046
QUMO4,25,0.046
QUMU,21,0.042
QUNI,15,0.036
QUNIH,15,0.036
QUNU,9,0.03
QUNUC,9,0.03
QUPA2,20,0.041
QUPH,20,0.041
QUPR2,28,0.049
QUPR4,25,0.046
QURU,21,0.042
QURUA,21,0.042
QURUB,21,0.042
QURUR,21,0.042
QUSH,16,0.037
QUSHS,16,0.037
QUSHS2,16,0.037
QUSHS3,16,0.037
QUST,23,0.044
QUSTA2,23,0.044
QUSTP2,23,0.044
QUTE,9,0.03
QUVE,24,0.045
QUVEM,24,0.045
QUVI,22,0.043
QUWI2,13,0.034
QUWIF,13,0.034
QUWIW,13,0.034
ROPS,28,0.049
RURU5,7,0.028
SAAL5,14,0.035
SABE2,19,0.04
SABED,19,0.04
SABEL,19,0.04
SABEP,19,0.04
SABEP2,19,0.04
SALSPP,20,0.041
SANI,19,0.04
SANIA2,19,0.04
SANIB,19,0.04
SANIB2,19,0.04
SANIF2,19,0.04
SANIL2,19,0.04
SANIL3,19,0.04
SANIM2,19,0.04
SEGI2,39,0.081
SEGI3,39,0.081
SESE3,39,0.081
SOAM3,19,0.04
TAAS,21,0.042
TABR2,4,0.025
TADI2,4,0.025
TADII,21,0.042
TADIN,21,0.042
THOC2,4,0.025
THOCF,4,0.025
THOCM3,4,0.025
THOCN,4,0.025
THOCP3,4,0.025
THPL,14,0.035
THUSPP,12,0.033
TIAM,17,0.038
TIAMA,17,0.038
TIAMC,17,0.038
TIAMH,29,0.05
TIAMN,17,0.038
TIHE,29,0.05
TSCA,18,0.039
TSHE,19,0.04
TSME,19,0.04
ULAL,10,0.031
ULAM,10,0.031
ULAMF2,10,0.031
ULMSPP,18,0.039
ULPU,17,0.038
ULRA,12,0.033
ULRU,11,0.032
ULTH,12,0.033
UMCA,5,0.026
UMCAC,5,0.026
UMCAF,5,0.026
